block_id,slice_id,filename,tree_pos,slice_number,Unnamed: 0,x,y,z_slice,color,r,g,b,xlim,ylim,pin_nhash_id,polygon_nhash_id,atlas_id,local_name,slab_nhash_id,donor_nhash_id,slab_name,donor_name,pin_MRI_x,pin_MRI_y,pin_HCP_x,pin_HCP_y,pin_HCP_z,pin_MNI_x,pin_MNI_y,pin_MNI_z,polygon_area,polygon_volume(mm^3)
B2,112282595,slice_251.png,250,1133,RI-MNMNLN400149,290,984,1133,BLUE,0,0,255,1392,994,RI-FXDWEY874480,RI-MNMNLN400149,265297126,H18.30.002.10x.BN.003,SL-KFFCNK489015,DO-KFFC4890,H18.30.002.CX.46,H18.30.002,276,93,164,272,153,164,272,153,7067.5,422
B2,112282831,slice_308.png,307,1389,RI-KEGCIJ544234,377,1194,1389,BLUE,0,0,255,1501,1103,RI-TTTRXS536318,RI-KEGCIJ544234,265297126,H19.30.002.10x.BL,SL-RLQJNI866689,DO-RLQJ8666,H19.30.002.CX.48,H19.30.002,318,107,151,253,96,151,253,96,16658,317
B3,112360965,slice_326.png,325,1476,RI-HIKEDG700313,498,888,1476,BLUE,0,0,255,1484,1108,RI-VSWNST420173,RI-HIKEDG700313,265297126,H19.30.001.10x.Pu,SL-HBBUWX135273,DO-HBBU1352,H19.30.001.CX.48,H19.30.001,247,141,151,229,156,151,229,156,50565.5,842
B5,112364372,slice_492.png,491,2238,RI-XVBVWA627451,973,648,2238,BLUE,0,0,255,1643,1112,RI-MJQLPN352905,RI-XVBVWA627451,265297126,H19.30.001.10x.A19,SL-HBBUCK135253,DO-HBBU1352,H19.30.001.CX.55,H19.30.001,177,235,73,138,165,73,138,165,129740,1739
B2,111257617,slice_185.png,184,846,RI-PJJKOL338451,445,753,846,BLUE,0,0,255,1184,924,RI-OOOVSN362349,RI-PJJKOL338451,265297126,H19.30.001.10x.A44-A45,SL-HBBUYZ135250,DO-HBBU1352,H19.30.001.CX.44,H19.30.001,259,141,139,330,141,139,330,141,430983,7181
B2,111257553,slice_169.png,168,782,RI-CDZAGB557516,105,864,782,BROWN,165,42,42,1152,892,RI-AWYZXA651477,RI-CDZAGB557516,265297126,H18.30.002.10x.ACC,SL-KFFCNU489047,DO-KFFC4890,H18.30.002.CX.44,H18.30.002,297,47,197,321,123,197,321,123,13526,826
B2,112282707,slice_277.png,276,1261,RI-HJMHHI453108,300,1111,1261,BROWN,165,42,42,1402,1112,RI-PLIJJO690126,RI-HJMHHI453108,265297126,H18.30.002.10x.CoA,SL-KFFCYT489056,DO-KFFC4890,H18.30.002.CX.47,H18.30.002,321,79,164,260,113,164,260,113,4241,259
B3,112360683,slice_392.png,391,1752,RI-ECACCF718145,74,486,1752,BROWN,165,42,42,1580,1060,RI-IIJLKL636616,RI-ECACCF718145,265297126,H18.30.002.10x.A23,SL-KFFCPR489021,DO-KFFC4890,H18.30.002.CX.50,H18.30.002,152,47,197,185,210,197,185,210,4468,273
B4,112363258,slice_401.png,400,1835,RI-AWBVVX506657,116,1015,1835,BROWN,165,42,42,1524,1112,RI-BXZDBF698331,RI-AWBVVX506657,265297126,H18.30.002.10x.PAG,SL-KFFCKO489066,DO-KFFC4890,H18.30.002.CX.51,H18.30.002,282,44,200,200,108,200,200,108,8525,548
B4,112363146,slice_429.png,428,1947,RI-LOPSPP319655,70,1239,1947,BROWN,165,42,42,1528,1072,RI-EMLDGG381969,RI-LOPSPP319655,265297126,H18.30.002.10x.PnRF,SL-KFFCFM489091,DO-KFFC4890,H18.30.002.CX.52,H18.30.002,340,43,188,190,62,188,190,62,7255.5,444
B5,112364339,slice_500.png,499,2270,RI-BBABED851655,366,1103,2270,BROWN,165,42,42,1542,1067,RI-BDZGII603147,RI-BBABED851655,265297126,H18.30.002.10x.CbDN.003,SL-KFFCWW489030,DO-KFFC4890,H18.30.002.CX.54,H18.30.002,301,97,152,149,79,152,149,79,18838,1160
B3,112360771,slice_368.png,367,1664,RI-CZXYBW569291,122,76,1664,BROWN,165,42,42,1505,1108,RI-XZVXVW260827,RI-CZXYBW569291,265297126,H19.30.002.CX51.M1C,SL-RLQJHH866663,DO-RLQJ8666,H19.30.002.CX.51,H19.30.002,50,54,170,165,290,170,165,290,52081.5,882
B4,112363270,slice_398.png,397,1823,RI-TQRZTZ387806,1017,981,1823,BROWN,165,42,42,1552,1112,RI-WTCXTA809737,RI-TQRZTZ387806,265297126,H19.30.001.CX51.MTC,SL-HBBULN135262,DO-HBBU1352,H19.30.001.CX.51,H19.30.001,260,270,65,199,113,65,199,113,58326.5,1058
B1,102291577,slice_152.png,151,678,RI-YBDYWZ474626,233,463,678,BROWN,165,42,42,1150,886,RI-LFFMKI964369,RI-YBDYWZ474626,265297126,H19.30.001.10x.A32,SL-HBBUSS135270,DO-HBBU1352,H19.30.001.CX.43,H19.30.001,198,82,170,335,174,170,335,174,29841.5,577
B2,111257617,slice_185.png,184,846,RI-YFXDBF111121,108,962,846,CHARTREUSE,127,255,0,1184,924,RI-FDEZZF607931,RI-YFXDBF111121,265297126,H18.30.002.10x.A32,SL-KFFCNU489047,DO-KFFC4890,H18.30.002.CX.44,H18.30.002,313,55,188,322,105,188,322,105,3428,209
B2,112282687,slice_271.png,270,1229,RI-FGJIHG879897,370,1140,1229,CHARTREUSE,127,255,0,1421,999,RI-KJFHEG241050,RI-FGJIHG879897,265297126,H18.30.002.10x.Pir,SL-KFFCYT489056,DO-KFFC4890,H18.30.002.CX.47,H18.30.002,313,115,151,265,111,151,265,111,2793,171
B3,112360683,slice_392.png,391,1752,RI-MPNOPP585116,364,932,1752,CHARTREUSE,127,255,0,1580,1060,RI-VRVTTT214725,RI-MPNOPP585116,265297126,H18.30.002.10x.Pul,SL-KFFCPR489021,DO-KFFC4890,H18.30.002.CX.50,H18.30.002,251,112,151,203,128,151,203,128,17897,1095
B4,112363258,slice_401.png,400,1835,RI-JFDFGG463970,93,1156,1835,CHARTREUSE,127,255,0,1524,1112,RI-KFHHIH611497,RI-JFDFGG463970,265297126,H18.30.002.10x.PnRF.003,SL-KFFCKO489066,DO-KFFC4890,H18.30.002.CX.51,H18.30.002,315,42,188,202,72,188,202,72,6425,413
B4,112363146,slice_429.png,428,1947,RI-NOMMLM722653,136,1077,1947,CHARTREUSE,127,255,0,1528,1072,RI-GJEHLD815596,RI-NOMMLM722653,265297126,H18.30.002.10x.PB,SL-KFFCFM489091,DO-KFFC4890,H18.30.002.CX.52,H18.30.002,301,56,165,181,83,165,181,83,6655,408
B4,112363004,slice_464.png,463,2087,RI-HDGDFG634217,53,961,2087,CHARTREUSE,127,255,0,1555,1031,RI-AWYXWV902583,RI-HDGDFG634217,265297126,H18.30.002.10x.CBV,SL-KFFCCX489028,DO-KFFC4890,H18.30.002.CX.53,H18.30.002,258,39,188,159,105,188,159,105,9979,652
B5,112364339,slice_500.png,499,2270,RI-ZWEAAY224687,181,1384,2270,CHARTREUSE,127,255,0,1542,1067,RI-LEFJEH855428,RI-ZWEAAY224687,265297126,H18.30.002.10x.MoAN,SL-KFFCWW489030,DO-KFFC4890,H18.30.002.CX.54,H18.30.002,371,60,176,154,39,176,154,39,4651,286
B2,111257682,slice_200.png,199,910,RI-EIGHDE979189,93,947,910,CHARTREUSE,127,255,0,1208,928,RI-PNMIMI826678,RI-EIGHDE979189,265297126,H19.30.002.10x.A25,SL-RLQJYW866674,DO-RLQJ8666,H19.30.002.CX.45,H19.30.002,303,49,188,303,119,188,303,119,3621,72
B2,111257682,slice_200.png,199,910,RI-XTQQSQ891218,93,947,910,CHARTREUSE,127,255,0,1208,928,RI-PNMIMI826678,RI-XTQQSQ891218,265297126,H19.30.002.CX45.A25,SL-RLQJYW866674,DO-RLQJ8666,H19.30.002.CX.45,H19.30.002,303,49,188,303,121,188,303,121,35111,706
B3,112360888,slice_344.png,343,1552,RI-ZGCZCY788058,429,1000,1552,CHARTREUSE,127,255,0,1507,1075,RI-MJKORM777772,RI-ZGCZCY788058,265297126,H19.30.002.10x.Gpe.003,SL-RLQJQV866644,DO-RLQJ8666,H19.30.002.CX.49,H19.30.002,264,128,139,219,145,139,219,145,20920.5,363
B3,112360771,slice_368.png,367,1664,RI-ZUBVVB366905,306,750,1664,CHARTREUSE,127,255,0,1505,1108,RI-BBEGHC893595,RI-ZUBVVB366905,265297126,H19.30.002.10x.LP.003,SL-RLQJHH866663,DO-RLQJ8666,H19.30.002.CX.51,H19.30.002,217,94,151,207,158,151,207,158,20594,348
B4,112363270,slice_398.png,397,1823,RI-CDCABH659802,319,871,1823,CHARTREUSE,127,255,0,1552,1112,RI-FCBBYF169777,RI-CDCABH659802,265297126,H19.30.002.10x.Pul,SL-RLQJLL866617,DO-RLQJ8666,H19.30.002.CX.52,H19.30.002,237,102,151,201,139,151,201,139,1974,36
B4,112363146,slice_429.png,428,1947,RI-HCBHYY527538,979,881,1947,CHARTREUSE,127,255,0,1528,1072,RI-FELEGJ583624,RI-HCBHYY527538,265297126,H19.30.002.CX53.MTC,SL-RLQJMH866642,DO-RLQJ8666,H19.30.002.CX.53,H19.30.002,260,266,65,176,116,65,176,116,9264,149
B5,112364351,slice_497.png,496,2258,RI-IKOKII678867,448,149,2258,CHARTREUSE,127,255,0,1512,1012,RI-HFEMKE903868,RI-IKOKII678867,265297126,H19.30.002.10x.A19,SL-RLQJZA866677,DO-RLQJ8666,H19.30.002.CX.57,H19.30.002,77,123,139,105,220,139,105,220,527,5
B3,112360771,slice_368.png,367,1664,RI-PMNKMO263442,485,90,1664,CHARTREUSE,127,255,0,1505,1108,RI-QSXRXQ724530,RI-PMNKMO263442,265297126,H19.30.001.10x.S1C.003,SL-HBBUTY135243,DO-HBBU1352,H19.30.001.CX.50,H19.30.001,55,144,139,189,290,139,189,290,201364.5,3815
B4,112363270,slice_398.png,397,1823,RI-DBDGFF423174,438,1146,1823,CHARTREUSE,127,255,0,1552,1112,RI-UVVUQU625004,RI-DBDGFF423174,265297126,H19.30.001.CX51.PPHC,SL-HBBULN135262,DO-HBBU1352,H19.30.001.CX.51,H19.30.001,302,125,148,205,108,148,205,108,18832.5,341
B2,111257617,slice_185.png,184,846,RI-XWZWXV434038,428,1009,846,CHARTREUSE,127,255,0,1184,924,RI-TQNLOQ754504,RI-XWZWXV434038,265297126,H19.30.001.10x.A13,SL-HBBUYZ135250,DO-HBBU1352,H19.30.001.CX.44,H19.30.001,319,138,139,311,96,139,311,96,64638,1077
B3,112360837,slice_355.png,354,1600,RI-XFXBZD749134,93,176,1600,CHOCOLATE,210,105,30,1564,1114,RI-YQQVSS184018,RI-XFXBZD749134,265297126,H18.30.002.CX49.M1C.10x.001,SL-KFFCZT489026,DO-KFFC4890,H18.30.002.CX.49,H18.30.002,59,46,188,168,283,188,168,283,4786,292
B4,112363258,slice_401.png,400,1835,RI-JMOJLM857670,151,974,1835,CHOCOLATE,210,105,30,1524,1112,RI-XWZATY678488,RI-JMOJLM857670,265297126,H18.30.002.10x.IC,SL-KFFCKO489066,DO-KFFC4890,H18.30.002.CX.51,H18.30.002,272,52,188,199,109,188,199,109,10660.5,685
B4,112363146,slice_429.png,428,1947,RI-OJKNLM426097,89,1153,1947,CHOCOLATE,210,105,30,1528,1072,RI-NPQPQP106248,RI-OJKNLM426097,265297126,H18.30.002.10x.DTg,SL-KFFCFM489091,DO-KFFC4890,H18.30.002.CX.52,H18.30.002,319,47,170,189,67,170,189,67,13022,798
B5,112364339,slice_500.png,499,2270,RI-EDDABD942837,682,555,2270,CHOCOLATE,210,105,30,1542,1067,RI-PXYYUS141403,RI-EDDABD942837,265297126,H18.30.002.10x.A19,SL-KFFCWW489030,DO-KFFC4890,H18.30.002.CX.54,H18.30.002,173,179,121,124,173,121,124,173,9517,586
B3,112360837,slice_355.png,354,1600,RI-EEYBXF240496,133,877,1600,CHOCOLATE,210,105,30,1564,1114,RI-TKPPMN978234,RI-EEYBXF240496,265297126,H19.30.002.10x.MD,SL-RLQJWW866674,DO-RLQJ8666,H19.30.002.CX.50,H19.30.002,235,52,170,227,152,170,227,152,8849,160
B3,112360771,slice_368.png,367,1664,RI-ZVTVVZ820345,285,955,1664,CHOCOLATE,210,105,30,1505,1108,RI-PMQNOS788200,RI-ZVTVVZ820345,265297126,H19.30.002.10x.MG,SL-RLQJHH866663,DO-RLQJ8666,H19.30.002.CX.51,H19.30.002,268,87,151,212,130,151,212,130,21408,362
B3,112360837,slice_355.png,354,1600,RI-OTURQO666653,71,185,1600,CHOCOLATE,210,105,30,1564,1114,RI-RSMNKL143217,RI-OTURQO666653,265297126,H19.30.001.CX51.M1C,SL-HBBULN135262,DO-HBBU1352,H19.30.001.CX.51,H19.30.001,62,41,188,180,270,188,180,270,43740,794
B4,112363146,slice_429.png,428,1947,RI-PPSOPO863576,523,909,1947,CHOCOLATE,210,105,30,1528,1072,RI-JJIKFI380697,RI-PPSOPO863576,265297126,H19.30.001.10x.TF,SL-HBBUTT135271,DO-HBBU1352,H19.30.001.CX.52,H19.30.001,254,154,122,180,127,122,180,127,25390,406
B5,112364291,slice_512.png,511,2318,RI-WRVVQN305227,296,554,2318,CHOCOLATE,210,105,30,1537,1006,RI-DDBGIZ498211,RI-WRVVQN305227,265297126,H19.30.001.CX56.V1C,SL-HBBUJC135260,DO-HBBU1352,H19.30.001.CX.56,H19.30.001,181,88,164,128,154,164,128,154,25794,338
B2,112282639,slice_261.png,260,1177,RI-DEBXZZ779943,583,1015,1177,CHOCOLATE,210,105,30,1263,1037,RI-PRPQRT152089,RI-DEBXZZ779943,265297126,H19.30.001.10x.Pir,SL-HBBUVP135290,DO-HBBU1352,H19.30.001.CX.46,H19.30.001,320,159,121,270,93,121,270,93,115526.5,1467
B2,111257553,slice_169.png,168,782,RI-ORSQWO422123,706,272,782,CYAN,0,255,255,1152,892,RI-RVVUTR886175,RI-ORSQWO422123,265297126,H18.30.002.10x.A46,SL-KFFCEE489085,DO-KFFC4890,H18.30.002.CX.43,H18.30.002,139,191,114,293,257,114,293,257,6467,387
B2,111257757,slice_217.png,216,978,RI-QQIJNL193447,132,1116,978,CYAN,0,255,255,1292,940,RI-JEFKJM652526,RI-QQIJNL193447,265297126,H18.30.002.10x.A14,SL-KFFCUB489027,DO-KFFC4890,H18.30.002.CX.45,H18.30.002,339,51,197,299,95,197,299,95,3547.5,216
B3,112360837,slice_355.png,354,1600,RI-RNMSQR910763,476,128,1600,CYAN,0,255,255,1564,1114,RI-NQOTLQ743402,RI-RNMSQR910763,265297126,H18.30.002.10x.S1C.003,SL-KFFCZT489026,DO-KFFC4890,H18.30.002.CX.49,H18.30.002,49,138,139,195,292,139,195,292,2914.5,178
B4,112363174,slice_422.png,421,1919,RI-WOOTOR737243,517,150,1919,CYAN,0,255,255,1532,1136,RI-HPIPPP377293,RI-WOOTOR737243,265297126,H18.30.002.10x.A5-A7,SL-KFFCKO489066,DO-KFFC4890,H18.30.002.CX.51,H18.30.002,70,142,152,126,263,152,126,263,3157,203
B4,112363110,slice_438.png,437,1983,RI-MLKOKM241550,75,1217,1983,CYAN,0,255,255,1583,1103,RI-YAXCEA296838,RI-MLKOKM241550,265297126,H18.30.002.10x.PnEN,SL-KFFCFM489091,DO-KFFC4890,H18.30.002.CX.52,H18.30.002,321,43,171,175,74,171,175,74,10107,619
B4,112363004,slice_464.png,463,2087,RI-CBZYBG915275,378,1330,2087,CYAN,0,255,255,1555,1031,RI-MNMMRR105598,RI-CBZYBG915275,265297126,H18.30.002.10x.CBL,SL-KFFCCX489028,DO-KFFC4890,H18.30.002.CX.53,H18.30.002,347,119,148,172,62,148,172,62,3712.5,242
B5,112364339,slice_500.png,499,2270,RI-TUUZUU645233,134,1350,2270,CYAN,0,255,255,1542,1067,RI-XWYZWU295666,RI-TUUZUU645233,265297126,H18.30.002.10x.MoSR,SL-KFFCWW489030,DO-KFFC4890,H18.30.002.CX.54,H18.30.002,364,50,188,158,37,188,158,37,2790.5,171
B2,111257682,slice_200.png,199,910,RI-TTZTQQ189218,417,1044,910,CYAN,0,255,255,1208,928,RI-CDFFFL804624,RI-TTZTQQ189218,265297126,H19.30.002.10x.A13.001,SL-RLQJYW866674,DO-RLQJ8666,H19.30.002.CX.45,H19.30.002,322,132,148,305,96,148,305,96,53544,1076
B2,112282579,slice_248.png,247,1117,RI-ADEBZB698801,205,1106,1117,CYAN,0,255,255,1320,980,RI-AXYFEE689464,RI-ADEBZB698801,265297126,H19.30.002.10x.AON.001,SL-RLQJWR866652,DO-RLQJ8666,H19.30.002.CX.46,H19.30.002,322,74,164,288,114,164,288,114,5256.5,87
B3,112360751,slice_375.png,374,1684,RI-EKLGHN146306,483,81,1684,CYAN,0,255,255,1529,1139,RI-MMLPPT504358,RI-EKLGHN146306,265297126,H19.30.002.10x.S1C.004,SL-RLQJHH866663,DO-RLQJ8666,H19.30.002.CX.51,H19.30.002,57,137,139,188,289,139,188,289,269663,4566
B4,112363270,slice_398.png,397,1823,RI-ADAADY474524,110,931,1823,CYAN,0,255,255,1552,1112,RI-NURROO325377,RI-ADAADY474524,265297126,H19.30.002.10x.SC,SL-RLQJLL866617,DO-RLQJ8666,H19.30.002.CX.52,H19.30.002,262,49,188,210,116,188,210,116,1989.5,36
B4,112363012,slice_462.png,461,2079,RI-AYXYWY919148,201,77,2079,CYAN,0,255,255,1583,1031,RI-OTTMLL628716,RI-AYXYWY919148,265297126,H19.30.002.CX55.A7,SL-RLQJWU866623,DO-RLQJ8666,H19.30.002.CX.55,H19.30.002,44,71,172,111,262,172,111,262,7600.5,111
B5,112364420,slice_480.png,479,2190,RI-VRMPRU452022,224,773,2190,CYAN,0,255,255,1532,1012,RI-RMRNLJ552769,RI-VRMPRU452022,265297126,H19.30.002.CX56.V2,SL-RLQJWV866671,DO-RLQJ8666,H19.30.002.CX.56,H19.30.002,225,75,164,159,131,164,159,131,2443.5,31
B5,112364351,slice_497.png,496,2258,RI-WXRRTU188412,337,342,2258,CYAN,0,255,255,1512,1012,RI-EFHKGI270792,RI-WXRRTU188412,265297126,H19.30.002.CX57.PSC,SL-RLQJZA866677,DO-RLQJ8666,H19.30.002.CX.57,H19.30.002,125,100,164,114,202,164,114,202,46566,490
B3,112360771,slice_368.png,367,1664,RI-XUOQQT789348,228,792,1664,CYAN,0,255,255,1505,1108,RI-MIHLQQ354569,RI-XUOQQT789348,265297126,H19.30.001.10x.Pul,SL-HBBUTY135243,DO-HBBU1352,H19.30.001.CX.50,H19.30.001,228,73,164,204,153,164,204,153,583,11
B2,111257757,slice_217.png,216,978,RI-DGECGH203813,307,1112,978,DARKGRAY,169,169,169,1292,940,RI-CFJBHD262132,RI-DGECGH203813,265297126,H18.30.002.10x.A13,SL-KFFCUB489027,DO-KFFC4890,H18.30.002.CX.45,H18.30.002,337,97,164,294,93,164,294,93,4458,271
B2,112282707,slice_277.png,276,1261,RI-VRTRUY291060,277,941,1261,DARKGRAY,169,169,169,1402,1112,RI-ECAFFE468390,RI-VRTRUY291060,265297126,H18.30.002.10x.GPi,SL-KFFCYT489056,DO-KFFC4890,H18.30.002.CX.47,H18.30.002,277,72,164,260,140,164,260,140,5060.5,310
B3,112360837,slice_355.png,354,1600,RI-FADBAD425333,141,869,1600,DARKGRAY,169,169,169,1564,1114,RI-XDYAZV139146,RI-FADBAD425333,265297126,H18.30.002.10x.MD-Re,SL-KFFCZT489026,DO-KFFC4890,H18.30.002.CX.49,H18.30.002,233,54,164,226,154,164,226,154,7827,478
B3,112360683,slice_392.png,391,1752,RI-XFYFBC851471,101,597,1752,DARKGRAY,169,169,169,1580,1060,RI-XYTWRT507459,RI-XFYFBC851471,265297126,H18.30.002.10x.A29-A30,SL-KFFCPR489021,DO-KFFC4890,H18.30.002.CX.50,H18.30.002,177,54,170,189,199,170,189,199,1925.5,117
B2,111257682,slice_200.png,199,910,RI-OJKOIG793578,546,1118,910,DARKGRAY,169,169,169,1208,928,RI-DAXAYA796558,RI-OJKOIG793578,265297126,H19.30.002.CX45.A38,SL-RLQJYW866674,DO-RLQJ8666,H19.30.002.CX.45,H19.30.002,340,166,114,316,87,114,316,87,15947,320
B2,112282579,slice_248.png,247,1117,RI-YBGFYG880046,477,1027,1117,DARKGRAY,169,169,169,1320,980,RI-TYSQYY126661,RI-YBGFYG880046,265297126,H19.30.002.10x.FI,SL-RLQJWR866652,DO-RLQJ8666,H19.30.002.CX.46,H19.30.002,305,138,139,286,117,139,286,117,10885,181
B2,112282659,slice_265.png,264,1197,RI-VWYVYU794034,133,941,1197,DARKGRAY,169,169,169,1392,1012,RI-KIHGOO537036,RI-VWYVYU794034,265297126,H19.30.002.10x.BNST,SL-RLQJDG866647,DO-RLQJ8666,H19.30.002.CX.47,H19.30.002,269,53,164,276,146,164,276,146,3572,66
B2,112282659,slice_265.png,264,1197,RI-ZSUVWT552906,133,941,1197,DARKGRAY,169,169,169,1392,1012,RI-KIHGOO537036,RI-ZSUVWT552906,265297126,H19.30.002.CX47.BNST,SL-RLQJDG866647,DO-RLQJ8666,H19.30.002.CX.47,H19.30.002,269,53,164,276,145,164,276,145,11943,223
B3,112360837,slice_355.png,354,1600,RI-SVWWWU456266,313,832,1600,DARKGRAY,169,169,169,1564,1114,RI-DEDAFA482427,RI-SVWWWU456266,265297126,H19.30.002.10x.LP,SL-RLQJWW866674,DO-RLQJ8666,H19.30.002.CX.50,H19.30.002,222,95,161,207,174,161,207,174,12235.5,221
B3,112360771,slice_368.png,367,1664,RI-FEDGFE608166,559,805,1664,DARKGRAY,169,169,169,1505,1108,RI-CDDFJD828854,RI-FEDGFE608166,265297126,H19.30.002.10x.Ig,SL-RLQJHH866663,DO-RLQJ8666,H19.30.002.CX.51,H19.30.002,226,157,135,205,155,135,205,155,3094,52
B2,112282739,slice_284.png,283,1297,RI-WSTVTT123933,351,1173,1297,DARKGRAY,169,169,169,1419,1067,RI-IKDMDG987483,RI-WSTVTT123933,265297126,H19.30.001.10x.BL,SL-HBBUDD135255,DO-HBBU1352,H19.30.001.CX.47,H19.30.001,323,103,151,256,107,151,256,107,20776,491
B3,112360965,slice_326.png,325,1476,RI-YQSZTU215088,149,1117,1476,DARKGRAY,169,169,169,1484,1108,RI-DACDUV309966,RI-YQSZTU215088,265297126,H19.30.001.10x.SN,SL-HBBUWX135273,DO-HBBU1352,H19.30.001.CX.48,H19.30.001,303,53,171,247,124,171,247,124,10031,167
B3,112360771,slice_368.png,367,1664,RI-TYXTUV782046,340,834,1664,DARKGRAY,169,169,169,1505,1108,RI-ONRTUS988923,RI-TYXTUV782046,265297126,H19.30.001.10x.VPL,SL-HBBUTY135243,DO-HBBU1352,H19.30.001.CX.50,H19.30.001,237,104,151,202,157,151,202,157,19985,378
B2,111257849,slice_232.png,231,1042,RI-UAVZAZ301022,542,1067,1042,DARKGRAY,169,169,169,1296,890,RI-MLONPM904083,RI-UAVZAZ301022,265297126,H19.30.001.CX45.A38,SL-HBBUPU135265,DO-HBBU1352,H19.30.001.CX.45,H19.30.001,319,165,120,299,90,120,299,90,115160.5,2195
B2,112282595,slice_251.png,250,1133,RI-VVAXVU897696,277,696,1133,FUCHSIA,255,0,255,1392,994,RI-MPOQLQ721147,RI-VVAXVU897696,265297126,H18.30.002.10x.BN.004,SL-KFFCNK489015,DO-KFFC4890,H18.30.002.CX.46,H18.30.002,204,88,164,271,195,164,271,195,16130,964
B3,112360820,slice_359.png,358,1616,RI-ORURQW253643,807,1315,1616,FUCHSIA,255,0,255,1558,1144,RI-WVWTXU141407,RI-ORURQW253643,265297126,H18.30.002.10x.ITG,SL-KFFCZT489026,DO-KFFC4890,H18.30.002.CX.49,H18.30.002,343,216,90,237,57,90,237,57,1853,113
B3,112360683,slice_392.png,391,1752,RI-FBEKFF173395,973,483,1752,FUCHSIA,255,0,255,1580,1060,RI-IJEJBD680187,RI-FBEKFF173395,265297126,H18.30.002.10x.A40,SL-KFFCPR489021,DO-KFFC4890,H18.30.002.CX.50,H18.30.002,160,272,62,196,188,62,196,188,4236,259
B2,111257757,slice_217.png,216,978,RI-UQRSRV185782,835,449,978,FUCHSIA,255,0,255,1292,940,RI-KKHIHH685237,RI-UQRSRV185782,265297126,H19.30.002.CX46.A46,SL-RLQJWR866652,DO-RLQJ8666,H19.30.002.CX.46,H19.30.002,167,237,90,293,217,90,293,217,27373.5,456
B2,112282659,slice_265.png,264,1197,RI-YRZUVS662835,398,1113,1197,FUCHSIA,255,0,255,1392,1012,RI-RPSRTU385491,RI-YRZUVS662835,265297126,H19.30.002.10x.Pir,SL-RLQJDG866647,DO-RLQJ8666,H19.30.002.CX.47,H19.30.002,310,115,151,274,121,151,274,121,1268,23
B2,112282831,slice_308.png,307,1389,RI-NQKRKL555447,414,958,1389,FUCHSIA,255,0,255,1501,1103,RI-IHJLMI973161,RI-NQKRKL555447,265297126,H19.30.002.10x.GPe,SL-RLQJNI866689,DO-RLQJ8666,H19.30.002.CX.48,H19.30.002,261,123,151,246,146,151,246,146,25552.5,487
B3,112360837,slice_355.png,354,1600,RI-KIPONK193342,313,915,1600,FUCHSIA,255,0,255,1564,1114,RI-NKQRMJ198388,RI-KIPONK193342,265297126,H19.30.002.10x.VLN.003,SL-RLQJWW866674,DO-RLQJ8666,H19.30.002.CX.50,H19.30.002,241,95,148,217,149,148,217,149,36958.5,669
B3,112360771,slice_368.png,367,1664,RI-INNKFL119448,176,954,1664,FUCHSIA,255,0,255,1505,1108,RI-JNMNKR865835,RI-INNKFL119448,265297126,H19.30.002.10x.PTR,SL-RLQJHH866663,DO-RLQJ8666,H19.30.002.CX.51,H19.30.002,268,60,170,228,131,170,228,131,13509,228
B3,112360683,slice_392.png,391,1752,RI-BIEGFC790037,97,594,1752,FUCHSIA,255,0,255,1580,1060,RI-AWZUWY335316,RI-BIEGFC790037,265297126,H19.30.002.10x.A29-A30,SL-RLQJLL866617,DO-RLQJ8666,H19.30.002.CX.52,H19.30.002,176,53,171,182,201,171,182,201,2894,53
B2,112282739,slice_284.png,283,1297,RI-AYXZVY480993,237,1140,1297,FUCHSIA,255,0,255,1419,1067,RI-TQRPOP329094,RI-AYXZVY480993,265297126,H19.30.001.10x.CMN,SL-HBBUDD135255,DO-HBBU1352,H19.30.001.CX.47,H19.30.001,314,75,164,252,115,164,252,115,27460.5,650
B3,112360771,slice_368.png,367,1664,RI-KEGIII462752,78,951,1664,FUCHSIA,255,0,255,1505,1108,RI-LPPLQR197949,RI-KEGIII462752,265297126,H19.30.001.10x.PAG,SL-HBBUTY135243,DO-HBBU1352,H19.30.001.CX.50,H19.30.001,266,38,201,222,121,201,222,121,14199,269
B2,111257849,slice_232.png,231,1042,RI-GJIHLG219524,161,929,1042,FUCHSIA,255,0,255,1296,890,RI-CDKGHI632686,RI-GJIHLG219524,265297126,H19.30.001.10x.NAC,SL-HBBUPU135265,DO-HBBU1352,H19.30.001.CX.45,H19.30.001,287,66,170,290,136,170,290,136,28489,543
B2,111257849,slice_232.png,231,1042,RI-BCBFIB283867,161,929,1042,FUCHSIA,255,0,255,1296,890,RI-CDKGHI632686,RI-BCBFIB283867,265297126,H19.30.001.CX45.NAC,SL-HBBUPU135265,DO-HBBU1352,H19.30.001.CX.45,H19.30.001,287,66,170,294,134,170,294,134,16198,308
B2,112282627,slice_258.png,257,1165,RI-SUXPXT679212,132,927,1165,FUCHSIA,255,0,255,1344,1001,RI-YZBZDZ804464,RI-SUXPXT679212,265297126,H19.30.001.10x.BNST,SL-HBBUVP135290,DO-HBBU1352,H19.30.001.CX.46,H19.30.001,270,52,185,272,147,185,272,147,24102,306
B5,112364271,slice_517.png,516,2338,RI-YBUTVX371610,462,549,2338,GREEN,0,128,0,1564,1007,RI-ZCEABA894893,RI-YBUTVX371610,265297126,H18.30.002.10x.V1C,SL-KFFCTU489045,DO-KFFC4890,H18.30.002.CX.55,H18.30.002,171,126,152,123,156,152,123,156,23382.5,1653
B5,112364339,slice_500.png,499,2270,RI-RMRMSO346747,244,478,2270,GREEN,0,128,0,1542,1067,RI-MRMJIL935722,RI-RMRMSO346747,265297126,H18.30.002.10x.V2,SL-KFFCWW489030,DO-KFFC4890,H18.30.002.CX.54,H18.30.002,154,73,170,121,174,170,121,174,5527,340
B1,102291577,slice_152.png,151,678,RI-MKIOLM219265,255,461,678,GREEN,0,128,0,1150,886,RI-NNKILJ295263,RI-MKIOLM219265,265297126,H19.30.002.10x.A32,SL-RLQJII866689,DO-RLQJ8666,H19.30.002.CX.43,H19.30.002,197,88,163,334,181,163,334,181,36785,404
B3,112360771,slice_368.png,367,1664,RI-JKIIOJ655569,584,721,1664,GREEN,0,128,0,1505,1108,RI-HLCELE815674,RI-JKIIOJ655569,265297126,H19.30.002.10x.A1C.004,SL-RLQJHH866663,DO-RLQJ8666,H19.30.002.CX.51,H19.30.002,207,165,127,198,171,127,198,171,65967,1117
B4,112363012,slice_462.png,461,2079,RI-XDBBAD470336,295,232,2079,GREEN,0,128,0,1583,1031,RI-BGJCAI827398,RI-XDBBAD470336,265297126,H19.30.002.10x.A7,SL-RLQJWU866623,DO-RLQJ8666,H19.30.002.CX.55,H19.30.002,81,93,164,114,247,164,114,247,23943,351
B3,112360771,slice_368.png,367,1664,RI-ZBBCFC592642,461,1062,1664,GREEN,0,128,0,1505,1108,RI-HDLFCI802258,RI-ZBBCFC592642,265297126,H19.30.001.10x.DGR-CA4Rpy,SL-HBBUTY135243,DO-HBBU1352,H19.30.001.CX.50,H19.30.001,293,132,139,218,119,139,218,119,9059.5,171
B4,112363126,slice_434.png,433,1967,RI-SOPRSW895870,861,327,1967,GREEN,0,128,0,1576,1116,RI-TOOSSV537798,RI-SOPRSW895870,265297126,H19.30.001.10x.A40,SL-HBBUTT135271,DO-HBBU1352,H19.30.001.CX.52,H19.30.001,110,232,78,147,218,78,147,218,27302,437
B2,111257553,slice_169.png,168,782,RI-ZRRUYA465443,828,536,782,INDIGO,75,0,130,1152,892,RI-BAGXXX365869,RI-ZRRUYA465443,265297126,H19.30.002.10x.A44-A45,SL-RLQJIB866650,DO-RLQJ8666,H19.30.002.CX.44,H19.30.002,216,231,90,315,179,90,315,179,216470.5,3355
B3,112360888,slice_344.png,343,1552,RI-JQRQML407714,545,1380,1552,INDIGO,75,0,130,1507,1075,RI-KRNKOO423757,RI-JQRQML407714,265297126,H19.30.002.10x.ITG,SL-RLQJQV866644,DO-RLQJ8666,H19.30.002.CX.49,H19.30.002,360,153,121,242,51,121,242,51,5604.5,97
B4,112363270,slice_398.png,397,1823,RI-WRVAUX809709,1021,575,1823,INDIGO,75,0,130,1552,1112,RI-VZYVWS290177,RI-WRVAUX809709,265297126,H19.30.002.10x.A40,SL-RLQJLL866617,DO-RLQJ8666,H19.30.002.CX.52,H19.30.002,165,269,65,199,184,65,199,184,12744,236
B2,112282739,slice_284.png,283,1297,RI-PMTMRL593954,436,1156,1297,INDIGO,75,0,130,1419,1067,RI-PROLNS612309,RI-PMTMRL593954,265297126,H19.30.001.10x.La,SL-HBBUDD135255,DO-HBBU1352,H19.30.001.CX.47,H19.30.001,317,124,148,259,108,148,259,108,1384,32
B5,112364372,slice_492.png,491,2238,RI-DEDAAF382044,253,515,2238,INDIGO,75,0,130,1643,1112,RI-EJCFDD764453,RI-DEDAAF382044,265297126,H19.30.001.CX55.PSC,SL-HBBUCK135253,DO-HBBU1352,H19.30.001.CX.55,H19.30.001,140,62,185,128,212,185,128,212,25890.5,347
B5,112364291,slice_512.png,511,2318,RI-VRWWWY178689,288,657,2318,INDIGO,75,0,130,1537,1006,RI-KKMLHF611733,RI-VRWWWY178689,265297126,H19.30.001.CX56.V2,SL-HBBUJC135260,DO-HBBU1352,H19.30.001.CX.56,H19.30.001,206,86,164,137,136,164,137,136,19740,259
B2,112282579,slice_248.png,247,1117,RI-ZCDFDB580786,207,1107,1117,KHAKI,240,230,140,1320,980,RI-XBCZXB930978,RI-ZCDFDB580786,265297126,H18.30.002.10x.AON,SL-KFFCNK489015,DO-KFFC4890,H18.30.002.CX.46,H18.30.002,322,74,164,288,115,164,288,115,8268,494
B2,112282707,slice_277.png,276,1261,RI-GDDEFE672207,241,803,1261,KHAKI,240,230,140,1402,1112,RI-DFFGGG323417,RI-GDDEFE672207,265297126,H18.30.002.10x.VA,SL-KFFCYT489056,DO-KFFC4890,H18.30.002.CX.47,H18.30.002,242,65,164,260,167,164,260,167,9618,589
B3,112360965,slice_326.png,325,1476,RI-FHFCCI550369,142,738,1476,KHAKI,240,230,140,1484,1108,RI-ABYCEY772171,RI-FHFCCI550369,265297126,H18.30.002.10x.ANC,SL-KFFCMT489071,DO-KFFC4890,H18.30.002.CX.48,H18.30.002,210,59,170,234,178,170,234,178,8324,507
B2,112282831,slice_308.png,307,1389,RI-WXYZUC966154,397,1100,1389,KHAKI,240,230,140,1501,1103,RI-PQXQPT575108,RI-WXYZUC966154,265297126,H19.30.002.10x.CEN,SL-RLQJNI866689,DO-RLQJ8666,H19.30.002.CX.48,H19.30.002,297,113,151,252,110,151,252,110,7346.5,140
B3,112360837,slice_355.png,354,1600,RI-NLLLTU921087,494,1127,1600,KHAKI,240,230,140,1564,1114,RI-QQMRQQ540993,RI-NLLLTU921087,265297126,H19.30.002.10x.CA2-3,SL-RLQJWW866674,DO-RLQJ8666,H19.30.002.CX.50,H19.30.002,292,139,139,218,120,139,218,120,6381,115
B3,112360771,slice_368.png,367,1664,RI-EXFDAD324450,468,1080,1664,KHAKI,240,230,140,1505,1108,RI-GINJKG397102,RI-EXFDAD324450,265297126,H19.30.002.10x.Rostral DG-CA4,SL-RLQJHH866663,DO-RLQJ8666,H19.30.002.CX.51,H19.30.002,298,133,139,218,106,139,218,106,6389.5,108
B2,112282739,slice_284.png,283,1297,RI-MONTOL870413,89,1060,1297,KHAKI,240,230,140,1419,1067,RI-ABYYXW675474,RI-MONTOL870413,265297126,H19.30.001.10x.HTHso-HTHtub,SL-HBBUDD135255,DO-HBBU1352,H19.30.001.CX.47,H19.30.001,295,43,201,261,128,201,261,128,1287.5,30
B3,112360965,slice_326.png,325,1476,RI-IJKDDD682451,575,949,1476,KHAKI,240,230,140,1484,1108,RI-FGNJIN185358,RI-IJKDDD682451,265297126,H19.30.001.10x.Cla,SL-HBBUWX135273,DO-HBBU1352,H19.30.001.CX.48,H19.30.001,259,160,122,228,133,122,228,133,16266.5,271
B3,112360849,slice_353.png,352,1588,RI-TMLNLQ593174,199,900,1588,KHAKI,240,230,140,1502,1139,RI-YDWUUC391996,RI-TMLNLQ593174,265297126,H19.30.001.10x.CM-Pf,SL-HBBUCZ135225,DO-HBBU1352,H19.30.001.CX.49,H19.30.001,253,63,164,226,147,164,226,147,27112,423
B3,112360771,slice_368.png,367,1664,RI-SURRSU662780,364,975,1664,KHAKI,240,230,140,1505,1108,RI-TMSOOS152552,RI-SURRSU662780,265297126,H19.30.001.10x.LG,SL-HBBUTY135243,DO-HBBU1352,H19.30.001.CX.50,H19.30.001,273,108,151,218,125,151,218,125,12381.5,234
B2,112282579,slice_248.png,247,1117,RI-BTBVVT624383,492,1011,1117,LIGHTPINK,255,182,193,1320,980,RI-NNOKLJ971915,RI-BTBVVT624383,265297126,H18.30.002.10x.FI,SL-KFFCNK489015,DO-KFFC4890,H18.30.002.CX.46,H18.30.002,300,142,138,291,119,138,291,119,4662,278
B2,112282687,slice_271.png,270,1229,RI-SXQXXP795276,108,990,1229,LIGHTPINK,255,182,193,1421,999,RI-UXZCWU608237,RI-SXQXXP795276,265297126,H18.30.002.10x.BNST,SL-KFFCYT489056,DO-KFFC4890,H18.30.002.CX.47,H18.30.002,273,51,164,272,142,164,272,142,5776,353
B3,112360965,slice_326.png,325,1476,RI-SWUTUV646921,234,896,1476,LIGHTPINK,255,182,193,1484,1108,RI-QIKMPM482203,RI-SWUTUV646921,265297126,H18.30.002.10x.VLN,SL-KFFCMT489071,DO-KFFC4890,H18.30.002.CX.48,H18.30.002,250,78,151,236,148,151,236,148,19656,1199
B2,112282831,slice_308.png,307,1389,RI-IEFFLD289981,354,1141,1389,LIGHTPINK,255,182,193,1501,1103,RI-WYAVUS443188,RI-IEFFLD289981,265297126,H19.30.002.10x.BM.003,SL-RLQJNI866689,DO-RLQJ8666,H19.30.002.CX.48,H19.30.002,306,102,163,245,120,163,245,120,13770,262
B3,112360837,slice_355.png,354,1600,RI-ZAHIDZ298765,306,1284,1600,LIGHTPINK,255,182,193,1564,1114,RI-KHMGHN488674,RI-ZAHIDZ298765,265297126,H19.30.002.CX50.MEC,SL-RLQJWW866674,DO-RLQJ8666,H19.30.002.CX.50,H19.30.002,333,94,164,227,86,164,227,86,7375.5,133
B3,112360771,slice_368.png,367,1664,RI-CDEFBF459548,584,831,1664,LIGHTPINK,255,182,193,1505,1108,RI-SQXRXW749932,RI-CDEFBF459548,265297126,H19.30.002.CX51.Ig,SL-RLQJHH866663,DO-RLQJ8666,H19.30.002.CX.51,H19.30.002,231,162,121,208,152,121,208,152,9855,166
B2,112282739,slice_284.png,283,1297,RI-JMLLNH491017,460,891,1297,LIGHTPINK,255,182,193,1419,1067,RI-KNOKOS708042,RI-JMLLNH491017,265297126,H19.30.001.CX47.Pu,SL-HBBUDD135255,DO-HBBU1352,H19.30.001.CX.47,H19.30.001,252,133,148,250,148,148,250,148,8929,211
B3,112360965,slice_326.png,325,1476,RI-RNLOQK468035,512,1387,1476,LIGHTPINK,255,182,193,1484,1108,RI-BICCJG295829,RI-RNLOQK468035,265297126,H19.30.001.10x.A35-A36,SL-HBBUWX135273,DO-HBBU1352,H19.30.001.CX.48,H19.30.001,370,139,139,252,64,139,252,64,15091,251
B3,112360849,slice_353.png,352,1588,RI-KHOGGL686380,1016,1025,1588,LIGHTPINK,255,182,193,1502,1139,RI-QYTTWQ348208,RI-KHOGGL686380,265297126,H19.30.001.CX49.MTC,SL-HBBUCZ135225,DO-HBBU1352,H19.30.001.CX.49,H19.30.001,275,264,65,221,126,65,221,126,35745,558
B3,112360771,slice_368.png,367,1664,RI-PIJLHI225609,507,1026,1664,LIGHTPINK,255,182,193,1505,1108,RI-VPQMOP656902,RI-PIJLHI225609,265297126,H19.30.001.10x.CA1R-CA2R-CA3R,SL-HBBUTY135243,DO-HBBU1352,H19.30.001.CX.50,H19.30.001,282,144,139,217,118,139,217,118,13461.5,255
B2,112282627,slice_258.png,257,1165,RI-JEKMGI148697,412,853,1165,LIGHTPINK,255,182,193,1344,1001,RI-LPOHML579703,RI-JEKMGI148697,265297126,H19.30.001.CX46.Pu,SL-HBBUVP135290,DO-HBBU1352,H19.30.001.CX.46,H19.30.001,254,122,148,273,159,148,273,159,25095,318
B2,112282687,slice_271.png,270,1229,RI-CIJEEG368317,91,1068,1229,NAVY,0,0,128,1421,999,RI-DEBBBE153972,RI-CIJEEG368317,265297126,H18.30.002.10x.HTHpo,SL-KFFCYT489056,DO-KFFC4890,H18.30.002.CX.47,H18.30.002,292,48,197,263,133,197,263,133,8780,537
B3,112360965,slice_326.png,325,1476,RI-CHCKFE595662,643,900,1476,NAVY,0,0,128,1484,1108,RI-ZWXEEW863872,RI-CHCKFE595662,265297126,H18.30.002.10x.Idg.003,SL-KFFCMT489071,DO-KFFC4890,H18.30.002.CX.48,H18.30.002,248,175,114,225,148,114,225,148,4762,290
B2,112282831,slice_308.png,307,1389,RI-HBIGBF886341,417,1230,1389,NAVY,0,0,128,1501,1103,RI-ZVVRAX548123,RI-HBIGBF886341,265297126,H19.30.002.10x.La,SL-RLQJNI866689,DO-RLQJ8666,H19.30.002.CX.48,H19.30.002,326,118,151,253,88,151,253,88,22349,426
B3,112360837,slice_355.png,354,1600,RI-HELJHD889177,164,850,1600,NAVY,0,0,128,1564,1114,RI-XZXWXV131555,RI-HELJHD889177,265297126,H19.30.002.CX50.THM1.MNC,SL-RLQJWW866674,DO-RLQJ8666,H19.30.002.CX.50,H19.30.002,227,59,164,221,157,164,221,157,7582.5,137
B2,112282739,slice_284.png,283,1297,RI-ROSMMO217838,310,1056,1297,NAVY,0,0,128,1419,1067,RI-SPUYRR826321,RI-ROSMMO217838,265297126,H19.30.001.CX47.BF,SL-HBBUDD135255,DO-HBBU1352,H19.30.001.CX.47,H19.30.001,294,94,164,249,137,164,249,137,21737,514
B3,112360965,slice_326.png,325,1476,RI-TSSVYV819355,778,768,1476,NAVY,0,0,128,1484,1108,RI-OOQOVR608258,RI-TSSVYV819355,265297126,H19.30.001.10x.A43,SL-HBBUWX135273,DO-HBBU1352,H19.30.001.CX.48,H19.30.001,217,211,90,226,170,90,226,170,45297,754
B3,112360804,slice_362.png,361,1632,RI-DWXWYX533566,757,1273,1632,NAVY,0,0,128,1561,1147,RI-UOOOOR583271,RI-DWXWYX533566,265297126,H19.30.001.CX50.ITC,SL-HBBUTY135243,DO-HBBU1352,H19.30.001.CX.50,H19.30.001,336,198,90,237,65,90,237,65,43873,831
B2,112282699,slice_274.png,273,1249,RI-XWAYDX170242,208,1085,1249,OLIVE,128,128,0,1421,1031,RI-USYXUQ682515,RI-XWAYDX170242,265297126,H18.30.002.10x.SI,SL-KFFCYT489056,DO-KFFC4890,H18.30.002.CX.47,H18.30.002,301,74,165,257,128,165,257,128,7324,448
B2,112282859,slice_313.png,312,1417,RI-DCBBIC250302,113,1091,1417,OLIVE,128,128,0,1451,1144,RI-BZZDBE558505,RI-DCBBIC250302,265297126,H18.30.002.10x.HTHtub,SL-KFFCMT489071,DO-KFFC4890,H18.30.002.CX.48,H18.30.002,299,40,201,242,120,201,242,120,7325.5,446
B2,112282831,slice_308.png,307,1389,RI-GFDFHD761439,373,928,1389,OLIVE,128,128,0,1501,1103,RI-FFABCF667134,RI-GFDFHD761439,265297126,H19.30.002.CX48.GPe,SL-RLQJNI866689,DO-RLQJ8666,H19.30.002.CX.48,H19.30.002,253,111,160,239,157,160,239,157,10218,194
B3,112360965,slice_326.png,325,1476,RI-PQRPRQ665715,643,894,1476,OLIVE,128,128,0,1484,1108,RI-AXTWYR289813,RI-PQRPRQ665715,265297126,H19.30.001.CX48.Idg,SL-HBBUWX135273,DO-HBBU1352,H19.30.001.CX.48,H19.30.001,246,175,114,226,150,114,226,150,3938,65
B2,112282687,slice_271.png,270,1229,RI-MLOKRN252391,70,1133,1229,ORANGE,255,165,0,1421,999,RI-HAGJDC228150,RI-MLOKRN252391,265297126,H18.30.002.10x.HTHso,SL-KFFCYT489056,DO-KFFC4890,H18.30.002.CX.47,H18.30.002,308,44,200,266,126,200,266,126,19774.5,1211
B3,112360820,slice_359.png,358,1616,RI-DYCAWY126562,1036,713,1616,ORANGE,255,165,0,1558,1144,RI-IKIILJ504978,RI-DYCAWY126562,265297126,H18.30.002.10x.STG,SL-KFFCZT489026,DO-KFFC4890,H18.30.002.CX.49,H18.30.002,197,275,65,216,166,65,216,166,3003,183
B2,112282579,slice_248.png,247,1117,RI-SZSAUW677317,145,999,1117,ORANGE,255,165,0,1320,980,RI-BTWUBX209319,RI-SZSAUW677317,265297126,H19.30.002.10x.NAC,SL-RLQJWR866652,DO-RLQJ8666,H19.30.002.CX.46,H19.30.002,296,58,188,276,136,188,276,136,3256.5,54
B2,112282579,slice_248.png,247,1117,RI-LLSRKQ567927,145,999,1117,ORANGE,255,165,0,1320,980,RI-BTWUBX209319,RI-LLSRKQ567927,265297126,H19.30.002.CX46.NAC,SL-RLQJWR866652,DO-RLQJ8666,H19.30.002.CX.46,H19.30.002,296,58,188,272,137,188,272,137,15330,255
B2,112282659,slice_265.png,264,1197,RI-GLEEMJ507238,433,848,1197,ORANGE,255,165,0,1392,1012,RI-YCWZXY910878,RI-GLEEMJ507238,265297126,H19.30.002.CX47.Pu,SL-RLQJDG866647,DO-RLQJ8666,H19.30.002.CX.47,H19.30.002,247,128,139,263,171,139,263,171,19188,359
B3,112360683,slice_392.png,391,1752,RI-ILKKHH497075,42,375,1752,ORANGE,255,165,0,1580,1060,RI-BXWWAA269485,RI-ILKKHH497075,265297126,H19.30.002.10x.A23,SL-RLQJLL866617,DO-RLQJ8666,H19.30.002.CX.52,H19.30.002,125,41,198,180,236,198,180,236,94282.5,1751
B4,112363126,slice_434.png,433,1967,RI-RTPYRP517259,62,506,1967,ORANGE,255,165,0,1576,1116,RI-JRLLJJ587375,RI-RTPYRP517259,265297126,H19.30.001.10x.A23,SL-HBBUTT135271,DO-HBBU1352,H19.30.001.CX.52,H19.30.001,155,39,198,163,195,198,163,195,5344,85
B5,112364175,slice_541.png,540,2434,RI-VATBYV218627,703,1017,2434,ORANGE,255,165,0,1499,959,RI-FFBEGA490879,RI-VATBYV218627,265297126,H19.30.001.CB62.CBL,SL-HBBUCD135228,DO-HBBU1352,H19.30.001.CB.62,H19.30.001,283,189,96,131,84,96,131,84,34282.5,396
B6,112364697,slice_605.png,604,2737,RI-HLJGPH596030,250,348,2737,ORANGE,255,165,0,1096,814,RI-ACEBGJ863434,RI-HLJGPH596030,265297126,H19.30.001.CX58.V1C,SL-HBBUZT135268,DO-HBBU1352,H19.30.001.CX.58,H19.30.001,167,73,170,57,154,170,57,154,14352,126
B4,112363258,slice_401.png,400,1835,RI-VQTPSP696840,129,920,1835,PURPLE,128,0,128,1524,1112,RI-NSOSSP483921,RI-VQTPSP696840,265297126,H18.30.002.10x.SC,SL-KFFCKO489066,DO-KFFC4890,H18.30.002.CX.51,H18.30.002,260,48,197,198,120,197,198,120,8218,528
B4,112363146,slice_429.png,428,1947,RI-OGIGKI180784,117,1377,1947,PURPLE,128,0,128,1528,1072,RI-CWYWDB825600,RI-OGIGKI180784,265297126,H18.30.002.10x.IO,SL-KFFCFM489091,DO-KFFC4890,H18.30.002.CX.52,H18.30.002,376,52,188,199,40,188,199,40,11061.5,678
B1,102291588,slice_164.png,163,726,RI-PIKJJL695168,673,319,726,PURPLE,128,0,128,1179,856,RI-ACFZDB762449,RI-PIKJJL695168,265297126,H19.30.002.10x.A46,SL-RLQJII866689,DO-RLQJ8666,H19.30.002.CX.43,H19.30.002,150,205,96,299,240,96,299,240,14400,158
B3,112360888,slice_344.png,343,1552,RI-BFCBAD300560,1010,1024,1552,PURPLE,128,0,128,1507,1075,RI-WXTTQU741380,RI-BFCBAD300560,265297126,H19.30.002.CX49.MTC,SL-RLQJQV866644,DO-RLQJ8666,H19.30.002.CX.49,H19.30.002,274,273,53,232,119,53,232,119,28473.5,494
B3,112360771,slice_368.png,367,1664,RI-EJJBJD167960,368,967,1664,PURPLE,128,0,128,1505,1108,RI-TNTNST232557,RI-EJJBJD167960,265297126,H19.30.002.10x.LG,SL-RLQJHH866663,DO-RLQJ8666,H19.30.002.CX.51,H19.30.002,271,109,148,211,128,148,211,128,21358,361
B2,112282739,slice_284.png,283,1297,RI-HEEAIJ809354,142,775,1297,PURPLE,128,0,128,1419,1067,RI-NJIKHQ264635,RI-HEEAIJ809354,265297126,H19.30.001.10x.ANC,SL-HBBUDD135255,DO-HBBU1352,H19.30.001.CX.47,H19.30.001,223,50,170,256,177,170,256,177,46195.5,1093
B3,112360771,slice_368.png,367,1664,RI-FEGGZY655171,300,742,1664,PURPLE,128,0,128,1505,1108,RI-NPTKKK994042,RI-FEGGZY655171,265297126,H19.30.001.10x.LP,SL-HBBUTY135243,DO-HBBU1352,H19.30.001.CX.50,H19.30.001,215,92,164,203,173,164,203,173,18259,345
B3,112360683,slice_392.png,391,1752,RI-SWRVYX981490,106,1006,1752,PURPLE,128,0,128,1580,1060,RI-VURPNR246128,RI-SWRVYX981490,265297126,H19.30.001.10x.SC,SL-HBBULN135262,DO-HBBU1352,H19.30.001.CX.51,H19.30.001,263,41,201,205,124,201,205,124,25519.5,463
B4,112363126,slice_434.png,433,1967,RI-EHHIGH692799,116,643,1967,PURPLE,128,0,128,1576,1116,RI-YUVCUU232797,RI-EHHIGH692799,265297126,H19.30.001.10x.A29-A30,SL-HBBUTT135271,DO-HBBU1352,H19.30.001.CX.52,H19.30.001,188,52,170,172,184,170,172,184,23677.5,379
B2,112282707,slice_277.png,276,1261,RI-XZCXFB154567,356,1220,1261,RED,255,0,0,1402,1112,RI-EIDHDH688846,RI-XZCXFB154567,265297126,H18.30.002.10x.LEC,SL-KFFCYT489056,DO-KFFC4890,H18.30.002.CX.47,H18.30.002,347,90,164,264,98,164,264,98,6559,401
B3,112360837,slice_355.png,354,1600,RI-PRVVOO211627,723,824,1600,RED,255,0,0,1564,1114,RI-SMOSUR547441,RI-PRVVOO211627,265297126,H18.30.002.10x.A1C,SL-KFFCZT489026,DO-KFFC4890,H18.30.002.CX.49,H18.30.002,215,195,114,204,156,114,204,156,1898,116
B2,112282579,slice_248.png,247,1117,RI-SPSXTV625600,225,693,1117,RED,255,0,0,1320,980,RI-FJHFFH565843,RI-SPSXTV625600,265297126,H19.30.002.10x.CaB,SL-RLQJWR866652,DO-RLQJ8666,H19.30.002.CX.46,H19.30.002,218,81,164,271,181,164,271,181,11489.5,191
B2,112282579,slice_248.png,247,1117,RI-CAHZGB657902,225,693,1117,RED,255,0,0,1320,980,RI-FJHFFH565843,RI-CAHZGB657902,265297126,H19.30.002.CX46.CaH,SL-RLQJWR866652,DO-RLQJ8666,H19.30.002.CX.46,H19.30.002,218,81,164,271,178,164,271,178,26874,447
B2,112282659,slice_265.png,264,1197,RI-EGJBFC749529,256,687,1197,RED,255,0,0,1392,1012,RI-BFBIJD150332,RI-EGJBFC749529,265297126,H19.30.002.CX47.CaB,SL-RLQJDG866647,DO-RLQJ8666,H19.30.002.CX.47,H19.30.002,205,86,164,260,196,164,260,196,8167.5,153
B2,112282831,slice_308.png,307,1389,RI-VTUVXV992956,480,869,1389,RED,255,0,0,1501,1103,RI-GDCYCG580240,RI-VTUVXV992956,265297126,H19.30.002.10x.Pu,SL-RLQJNI866689,DO-RLQJ8666,H19.30.002.CX.48,H19.30.002,239,139,151,232,162,151,232,162,22089.5,421
B3,112360888,slice_344.png,343,1552,RI-HFIFGF559498,283,1264,1552,RED,255,0,0,1507,1075,RI-FKEHJE440937,RI-HFIFGF559498,265297126,H19.30.002.10x.MEC.005,SL-RLQJQV866644,DO-RLQJ8666,H19.30.002.CX.49,H19.30.002,330,87,164,227,92,164,227,92,15905.5,276
B3,112360837,slice_355.png,354,1600,RI-QPVSRX885600,127,1104,1600,RED,255,0,0,1564,1114,RI-WTXXBW460140,RI-QPVSRX885600,265297126,H19.30.002.10x.RN,SL-RLQJWW866674,DO-RLQJ8666,H19.30.002.CX.50,H19.30.002,289,50,188,227,100,188,227,100,16921.5,306
B5,112364175,slice_541.png,540,2434,RI-WWWWUD457074,417,485,2434,RED,255,0,0,1499,959,RI-EDFJID582348,RI-WWWWUD457074,265297126,H19.30.002.CX58.V1C,SL-RLQJGG866632,DO-RLQJ8666,H19.30.002.CX.58,H19.30.002,162,110,164,114,149,164,114,149,8987.5,101
B5,112364271,slice_517.png,516,2338,RI-OQKNMN245372,82,1027,2338,RED,255,0,0,1564,1007,RI-KKOLNL416842,RI-OQKNMN245372,265297126,H19.30.002.CB61.CBV,SL-RLQJBB866653,DO-RLQJ8666,H19.30.002.CB.61,H19.30.002,288,39,188,137,88,188,137,88,17741.5,224
B6,112364893,slice_557.png,556,2545,RI-KMQILM507320,710,1098,2545,RED,255,0,0,1428,933,RI-MPOOPN562365,RI-KMQILM507320,265297126,H19.30.002.CB63.CBL,SL-RLQJVY866691,DO-RLQJ8666,H19.30.002.CB.63,H19.30.002,312,171,115,119,76,115,119,76,16924,176
B2,112282739,slice_284.png,283,1297,RI-CDBDFF281763,290,1268,1297,RED,255,0,0,1419,1067,RI-ZZXBFX719443,RI-CDBDFF281763,265297126,H19.30.001.10x.LEC.001,SL-HBBUDD135255,DO-HBBU1352,H19.30.001.CX.47,H19.30.001,347,88,164,260,92,164,260,92,2058.5,48
B3,112360965,slice_326.png,325,1476,RI-ONJLJI146178,319,1305,1476,RED,255,0,0,1484,1108,RI-POOMON871011,RI-ONJLJI146178,265297126,H19.30.001.10x.MEC.004,SL-HBBUWX135273,DO-HBBU1352,H19.30.001.CX.48,H19.30.001,348,92,164,243,97,164,243,97,43172,719
B3,112360965,slice_326.png,325,1476,RI-CGBIEG326664,319,1305,1476,RED,255,0,0,1484,1108,RI-POOMON871011,RI-CGBIEG326664,265297126,H19.30.001.CX48.MEC,SL-HBBUWX135273,DO-HBBU1352,H19.30.001.CX.48,H19.30.001,348,92,164,244,93,164,244,93,6072,101
B4,112363032,slice_457.png,456,2059,RI-HJELEG599356,142,67,2059,RED,255,0,0,1556,1067,RI-XUZZSX790548,RI-HJELEG599356,265297126,H19.30.001.10x.A5-A7,SL-HBBUTM135257,DO-HBBU1352,H19.30.001.CX.53,H19.30.001,49,58,189,125,254,189,125,254,24299,360
B4,112363032,slice_457.png,456,2059,RI-KLKNFF261539,142,67,2059,RED,255,0,0,1556,1067,RI-XUZZSX790548,RI-KLKNFF261539,265297126,H19.30.001.CX53.A7,SL-HBBUTM135257,DO-HBBU1352,H19.30.001.CX.53,H19.30.001,49,58,189,125,256,189,125,256,50343,745
B5,112364420,slice_480.png,479,2190,RI-RSOMSL572243,73,1114,2190,RED,255,0,0,1532,1012,RI-JKIKMP568602,RI-RSOMSL572243,265297126,H19.30.001.CB60.CBV,SL-HBBUVS135242,DO-HBBU1352,H19.30.001.CB.60,H19.30.001,304,42,165,156,83,165,156,83,21798,285
B2,111257757,slice_217.png,216,978,RI-QQPUXS973221,271,620,978,RED,255,0,0,1292,940,RI-SRTUTP832274,RI-QQPUXS973221,265297126,H19.30.001.10x.CaB,SL-HBBUPU135265,DO-HBBU1352,H19.30.001.CX.45,H19.30.001,216,93,164,297,179,164,297,179,67218,1281
B2,111257757,slice_217.png,216,978,RI-DGZDAH995721,271,620,978,RED,255,0,0,1292,940,RI-SRTUTP832274,RI-DGZDAH995721,265297126,H19.30.001.CX45.CaH,SL-HBBUPU135265,DO-HBBU1352,H19.30.001.CX.45,H19.30.001,216,93,164,294,183,164,294,183,48746,929
B2,112282831,slice_308.png,307,1389,RI-AXDZVW709353,667,873,1389,Salmon,250,128,114,1501,1103,RI-QXVPST186746,RI-AXDZVW709353,265297126,H19.30.002.CX48.Idg,SL-RLQJNI866689,DO-RLQJ8666,H19.30.002.CX.48,H19.30.002,239,183,114,249,158,114,249,158,8909,169
B2,111257757,slice_217.png,216,978,RI-JLJIEJ401340,872,624,978,TAN,210,180,140,1292,940,RI-MQLQUM452125,RI-JLJIEJ401340,265297126,H18.30.002.10x.A44-A45,SL-KFFCUB489027,DO-KFFC4890,H18.30.002.CX.45,H18.30.002,210,246,71,294,184,71,294,184,2974,181
B2,112282595,slice_251.png,250,1133,RI-XAWZSZ801572,108,1100,1133,TAN,210,180,140,1392,994,RI-WXUQTV967242,RI-XAWZSZ801572,265297126,H18.30.002.10x.A25,SL-KFFCNK489015,DO-KFFC4890,H18.30.002.CX.46,H18.30.002,306,46,197,276,128,197,276,128,3616,216
B3,112360965,slice_326.png,325,1476,RI-AWWRSV261057,522,1231,1476,TAN,210,180,140,1484,1108,RI-YXZXFX149393,RI-AWWRSV261057,265297126,H18.30.002.10x.A35r,SL-KFFCMT489071,DO-KFFC4890,H18.30.002.CX.48,H18.30.002,330,146,136,249,84,136,249,84,18711,1141
B3,112360837,slice_355.png,354,1600,RI-BEFZHB823782,205,951,1600,TAN,210,180,140,1564,1114,RI-XGEFXB187847,RI-BEFZHB823782,265297126,H18.30.002.10x.CM,SL-KFFCZT489026,DO-KFFC4890,H18.30.002.CX.49,H18.30.002,252,70,164,226,135,164,226,135,4772,291
B2,112282831,slice_308.png,307,1389,RI-NIKIHM353971,280,1154,1389,TAN,210,180,140,1501,1103,RI-FGDYYY776695,RI-NIKIHM353971,265297126,H19.30.002.10x.CMN,SL-RLQJNI866689,DO-RLQJ8666,H19.30.002.CX.48,H19.30.002,308,84,164,249,114,164,249,114,29837.5,568
B3,112360908,slice_339.png,338,1532,RI-AYBBYY777865,771,1360,1532,TAN,210,180,140,1450,1139,RI-DZEBAC571192,RI-AYBBYY777865,265297126,H19.30.002.CX49.ITC,SL-RLQJQV866644,DO-RLQJ8666,H19.30.002.CX.49,H19.30.002,358,200,91,253,54,91,253,54,45129,783
B3,112360837,slice_355.png,354,1600,RI-GAGDBC360646,469,1182,1600,TAN,210,180,140,1564,1114,RI-HBEEBB278070,RI-GAGDBC360646,265297126,H19.30.002.10x.DG-CA4,SL-RLQJWW866674,DO-RLQJ8666,H19.30.002.CX.50,H19.30.002,307,133,139,230,104,139,230,104,8950.5,162
B3,112360771,slice_368.png,367,1664,RI-UZAWRA736623,524,1121,1664,TAN,210,180,140,1505,1108,RI-LGNIGM663031,RI-UZAWRA736623,265297126,H19.30.002.10x.Rostral CA1-CA3,SL-RLQJHH866663,DO-RLQJ8666,H19.30.002.CX.51,H19.30.002,308,147,139,218,97,139,218,97,22758,385
B2,112282739,slice_284.png,283,1297,RI-RNRNPO507270,77,1003,1297,TAN,210,180,140,1419,1067,RI-MIIDDF405915,RI-RNRNPO507270,265297126,H19.30.001.10x.HTHpo-HTHso,SL-HBBUDD135255,DO-HBBU1352,H19.30.001.CX.47,H19.30.001,281,39,201,261,136,201,261,136,15009.5,355
B3,112360965,slice_326.png,325,1476,RI-TPLOPM678975,432,951,1476,TAN,210,180,140,1484,1108,RI-KLHDGF646440,RI-TPLOPM678975,265297126,H19.30.001.10x.GPe,SL-HBBUWX135273,DO-HBBU1352,H19.30.001.CX.48,H19.30.001,262,125,151,231,144,151,231,144,15620,260
B3,112360849,slice_353.png,352,1588,RI-EAEHZE947439,176,799,1588,TAN,210,180,140,1502,1139,RI-KDHFCH824774,RI-EAEHZE947439,265297126,H19.30.001.10x.MD,SL-HBBUCZ135225,DO-HBBU1352,H19.30.001.CX.49,H19.30.001,228,55,164,225,161,164,225,161,1327,20
B3,112360771,slice_368.png,367,1664,RI-LHLEHL386987,261,957,1664,TAN,210,180,140,1505,1108,RI-XBGBEX492203,RI-LHLEHL386987,265297126,H19.30.001.10x.MG,SL-HBBUTY135243,DO-HBBU1352,H19.30.001.CX.50,H19.30.001,269,81,164,226,132,164,226,132,14352,271
B2,112282627,slice_258.png,257,1165,RI-IFFJKH258367,540,1012,1165,TAN,210,180,140,1344,1001,RI-BVWWVV230875,RI-IFFJKH258367,265297126,H19.30.001.10x.FI,SL-HBBUVP135290,DO-HBBU1352,H19.30.001.CX.46,H19.30.001,294,148,127,281,124,127,281,124,14785.5,187
B2,111257849,slice_232.png,231,1042,RI-NQLQSM722368,67,429,1042,TEAL,0,128,128,1296,890,RI-EDFGIC121784,RI-NQLQSM722368,265297126,H18.30.002.10x.A24,SL-KFFCUB489027,DO-KFFC4890,H18.30.002.CX.45,H18.30.002,164,44,201,272,216,201,272,216,2723.5,165
B2,112282595,slice_251.png,250,1133,RI-IHGOFJ464963,134,1017,1133,TEAL,0,128,128,1392,994,RI-RPPRQS965705,RI-IHGOFJ464963,265297126,H18.30.002.10x.BN.001,SL-KFFCNK489015,DO-KFFC4890,H18.30.002.CX.46,H18.30.002,288,53,188,272,138,188,272,138,16662.5,996
B3,112360837,slice_355.png,354,1600,RI-TXTQWU755862,322,923,1600,TEAL,0,128,128,1564,1114,RI-PTSWTX441547,RI-TXTQWU755862,265297126,H18.30.002.10x.LP-VPL,SL-KFFCZT489026,DO-KFFC4890,H18.30.002.CX.49,H18.30.002,243,97,139,218,149,139,218,149,12054,736
B4,112363270,slice_398.png,397,1823,RI-GGGDCC358828,532,1225,1823,TEAL,0,128,128,1552,1112,RI-PTLPMU215265,RI-GGGDCC358828,265297126,H18.30.002.10x.TF,SL-KFFCPR489021,DO-KFFC4890,H18.30.002.CX.50,H18.30.002,324,146,139,213,89,139,213,89,6125.5,374
B2,112282659,slice_265.png,264,1197,RI-KSMLKK607031,219,1090,1197,TEAL,0,128,128,1392,1012,RI-UVNMSN363622,RI-KSMLKK607031,265297126,H19.30.002.CX47.BF,SL-RLQJDG866647,DO-RLQJ8666,H19.30.002.CX.47,H19.30.002,309,71,165,265,118,165,265,118,7140.5,133
B2,112282831,slice_308.png,307,1389,RI-FYXBYF843541,155,771,1389,TEAL,0,128,128,1501,1103,RI-WZZDVE986539,RI-FYXBYF843541,265297126,H19.30.002.10x.ANC,SL-RLQJNI866689,DO-RLQJ8666,H19.30.002.CX.48,H19.30.002,214,55,165,243,172,165,243,172,31757.5,605
B3,112360908,slice_339.png,338,1532,RI-FGIBAB872430,440,1004,1532,TEAL,0,128,128,1450,1139,RI-WVWWAR394411,RI-FGIBAB872430,265297126,H19.30.002.10x.GPi.003,SL-RLQJQV866644,DO-RLQJ8666,H19.30.002.CX.49,H19.30.002,269,121,139,221,135,139,221,135,9003.5,156
B3,112360837,slice_355.png,354,1600,RI-WWURVR679449,173,1141,1600,TEAL,0,128,128,1564,1114,RI-GZABDZ557985,RI-WWURVR679449,265297126,H19.30.002.10x.SN.003,SL-RLQJWW866674,DO-RLQJ8666,H19.30.002.CX.50,H19.30.002,298,62,170,225,105,170,225,105,11109,201
B3,112360771,slice_368.png,367,1664,RI-URVRQS384556,344,834,1664,TEAL,0,128,128,1505,1108,RI-AAFCXX832152,RI-URVRQS384556,265297126,H19.30.002.10x.VLN,SL-RLQJHH866663,DO-RLQJ8666,H19.30.002.CX.51,H19.30.002,237,105,148,203,157,148,203,157,13343.5,225
B4,112363270,slice_398.png,397,1823,RI-VUWYXU885423,578,1247,1823,TEAL,0,128,128,1552,1112,RI-UWRYZW263709,RI-VUWYXU885423,265297126,H19.30.002.10x.TF,SL-RLQJLL866617,DO-RLQJ8666,H19.30.002.CX.52,H19.30.002,331,160,121,214,80,121,214,80,3715,69
B2,112282739,slice_284.png,283,1297,RI-VTTAWX572200,287,1169,1297,TEAL,0,128,128,1419,1067,RI-YUXYAZ378241,RI-VTTAWX572200,265297126,H19.30.001.10x.BM,SL-HBBUDD135255,DO-HBBU1352,H19.30.001.CX.47,H19.30.001,322,87,164,252,109,164,252,109,9086,215
B3,112360965,slice_326.png,325,1476,RI-LLRTRP403894,385,985,1476,TEAL,0,128,128,1484,1108,RI-NPSSUT767844,RI-LLRTRP403894,265297126,H19.30.001.10x.GPi,SL-HBBUWX135273,DO-HBBU1352,H19.30.001.CX.48,H19.30.001,270,115,151,234,140,151,234,140,13479.5,224
B3,112360849,slice_353.png,352,1588,RI-CXGXGB161145,767,810,1588,TEAL,0,128,128,1502,1139,RI-MLMNMJ947811,RI-CXGXGB161145,265297126,H19.30.001.10x.A1C.003,SL-HBBUCZ135225,DO-HBBU1352,H19.30.001.CX.49,H19.30.001,222,199,114,204,155,114,204,155,20255,316
B3,112360771,slice_368.png,367,1664,RI-KKKKLK928778,151,906,1664,TEAL,0,128,128,1505,1108,RI-ZWEDAD989582,RI-KKKKLK928778,265297126,H19.30.001.10x.PTR,SL-HBBUTY135243,DO-HBBU1352,H19.30.001.CX.50,H19.30.001,255,55,198,216,135,198,216,135,15603,295
B2,112282627,slice_258.png,257,1165,RI-SRTUPQ786852,291,1092,1165,TEAL,0,128,128,1344,1001,RI-INEJII502376,RI-SRTUPQ786852,265297126,H19.30.001.10x.AON,SL-HBBUVP135290,DO-HBBU1352,H19.30.001.CX.46,H19.30.001,313,88,164,260,124,164,260,124,23417.5,297
B2,112282595,slice_251.png,250,1133,RI-QNORPT627055,401,922,1133,TOMATO,255,99,71,1392,994,RI-HCBDZC408147,RI-QNORPT627055,265297126,H18.30.002.10x.BN.002,SL-KFFCNK489015,DO-KFFC4890,H18.30.002.CX.46,H18.30.002,260,121,151,276,149,151,276,149,30605.5,1830
B3,112360820,slice_359.png,358,1616,RI-RRRSNO397761,634,1282,1616,TOMATO,255,99,71,1558,1144,RI-DYAYFX370678,RI-RRRSNO397761,265297126,H18.30.002.10x.A35-A36,SL-KFFCZT489026,DO-KFFC4890,H18.30.002.CX.49,H18.30.002,334,169,114,226,75,114,226,75,1996,122
B3,112360703,slice_387.png,386,1732,RI-XXTCYY981857,402,978,1732,TOMATO,255,99,71,1558,1144,RI-QSZRUR996622,RI-XXTCYY981857,265297126,H18.30.002.10x.LG.002,SL-KFFCPR489021,DO-KFFC4890,H18.30.002.CX.50,H18.30.002,270,117,151,203,120,151,203,120,6245,382
B2,112282659,slice_265.png,264,1197,RI-XZVYXV804795,193,1058,1197,TOMATO,255,99,71,1392,1012,RI-YZQVQR277852,RI-XZVYXV804795,265297126,H19.30.002.10x.SI,SL-RLQJDG866647,DO-RLQJ8666,H19.30.002.CX.47,H19.30.002,302,65,171,261,141,171,261,141,17225,322
B2,112282831,slice_308.png,307,1389,RI-AEACZY984722,570,958,1389,TOMATO,255,99,71,1501,1103,RI-TOPXSQ993942,RI-AEACZY984722,265297126,H19.30.002.10x.Cla,SL-RLQJNI866689,DO-RLQJ8666,H19.30.002.CX.48,H19.30.002,260,160,139,241,136,139,241,136,13669,260
B3,112360888,slice_344.png,343,1552,RI-EDFDJF268346,495,1276,1552,TOMATO,255,99,71,1507,1075,RI-XBCAFB216473,RI-EDFDJF268346,265297126,H19.30.002.10x.A35-A36,SL-RLQJQV866644,DO-RLQJ8666,H19.30.002.CX.49,H19.30.002,333,140,139,241,79,139,241,79,50352,874
B3,112360837,slice_355.png,354,1600,RI-KIKGHM356100,199,954,1600,TOMATO,255,99,71,1564,1114,RI-XTRTUV988509,RI-KIKGHM356100,265297126,H19.30.002.10x.CM-Pf,SL-RLQJWW866674,DO-RLQJ8666,H19.30.002.CX.50,H19.30.002,253,68,164,226,134,164,226,134,25929.5,469
B3,112360771,slice_368.png,367,1664,RI-UTQQNP736071,91,975,1664,TOMATO,255,99,71,1505,1108,RI-ONLNLO422589,RI-UTQQNP736071,265297126,H19.30.002.10x.PAG-DR,SL-RLQJHH866663,DO-RLQJ8666,H19.30.002.CX.51,H19.30.002,272,41,201,222,118,201,222,118,18106.5,306
B4,112363270,slice_398.png,397,1823,RI-BYZCAU330454,429,1156,1823,TOMATO,255,99,71,1552,1112,RI-SQRPXQ758487,RI-BYZCAU330454,265297126,H19.30.002.10x.TH-TL,SL-RLQJLL866617,DO-RLQJ8666,H19.30.002.CX.52,H19.30.002,305,123,151,203,98,151,203,98,4173,77
B4,112363270,slice_398.png,397,1823,RI-GFCBJG606580,429,1156,1823,TOMATO,255,99,71,1552,1112,RI-SQRPXQ758487,RI-GFCBJG606580,265297126,H19.30.002.CX52.PPHC,SL-RLQJLL866617,DO-RLQJ8666,H19.30.002.CX.52,H19.30.002,305,123,151,203,104,151,203,104,14231.5,264
B2,112282755,slice_288.png,287,1313,RI-GIHOKP515898,404,1073,1313,TOMATO,255,99,71,1432,1095,RI-NGNIGO731073,RI-GIHOKP515898,265297126,H19.30.001.10x.CEN,SL-HBBUDD135255,DO-HBBU1352,H19.30.001.CX.47,H19.30.001,301,109,151,253,120,151,253,120,12165,288
B3,112360965,slice_326.png,325,1476,RI-HLFGII748283,260,810,1476,TOMATO,255,99,71,1484,1108,RI-YCBUVV442956,RI-HLFGII748283,265297126,H19.30.001.10x.VLN,SL-HBBUWX135273,DO-HBBU1352,H19.30.001.CX.48,H19.30.001,228,84,161,225,173,161,225,173,2115,35
B3,112360804,slice_362.png,361,1632,RI-OLOUNM617875,80,921,1632,TOMATO,255,99,71,1561,1147,RI-YVADAX986253,RI-OLOUNM617875,265297126,H19.30.001.10x.ETH,SL-HBBUTY135243,DO-HBBU1352,H19.30.001.CX.50,H19.30.001,248,34,212,214,140,212,214,140,8966.5,169
B2,112282627,slice_258.png,257,1165,RI-ADVAWX519215,191,1072,1165,TOMATO,255,99,71,1344,1001,RI-FCYADC905422,RI-ADVAWX519215,265297126,H19.30.001.10x.SI,SL-HBBUVP135290,DO-HBBU1352,H19.30.001.CX.46,H19.30.001,307,65,176,263,134,176,263,134,3765,47
B3,112360820,slice_359.png,358,1616,RI-TQXQQV294959,995,1103,1616,YELLOW,255,255,0,1558,1144,RI-AAEYDE808569,RI-TQXQQV294959,265297126,H18.30.002.10x.MTG,SL-KFFCZT489026,DO-KFFC4890,H18.30.002.CX.49,H18.30.002,293,262,65,221,95,65,221,95,4999.5,305
B5,112364436,slice_476.png,475,2174,RI-MIHHHK631232,263,689,2174,YELLOW,255,255,0,1584,1084,RI-IIHMLL979553,RI-MIHHHK631232,265297126,H18.30.002.10x.Pro,SL-KFFCCX489028,DO-KFFC4890,H18.30.002.CX.53,H18.30.002,198,79,164,159,160,164,159,160,14076,920
B5,112364420,slice_480.png,479,2190,RI-AHDACD450605,368,629,2190,YELLOW,255,255,0,1532,1012,RI-OJJLFH467043,RI-AHDACD450605,265297126,H19.30.002.10x.Pro.001,SL-RLQJWV866671,DO-RLQJ8666,H19.30.002.CX.56,H19.30.002,191,114,148,150,145,148,150,145,75250.5,975
B5,112364420,slice_480.png,479,2190,RI-OKQKKM498999,368,629,2190,YELLOW,255,255,0,1532,1012,RI-OJJLFH467043,RI-OKQKKM498999,265297126,H19.30.002.CX56.Pro,SL-RLQJWV866671,DO-RLQJ8666,H19.30.002.CX.56,H19.30.002,191,114,148,150,142,148,150,142,16554.5,214
B3,112360849,slice_353.png,352,1588,RI-PPNMNJ308134,600,796,1588,YELLOW,255,255,0,1502,1139,RI-YXXUBT254845,RI-PPNMNJ308134,265297126,H19.30.001.10x.Ig,SL-HBBUCZ135225,DO-HBBU1352,H19.30.001.CX.49,H19.30.001,221,154,136,207,169,136,207,169,36394.5,568
B3,112360849,slice_353.png,352,1588,RI-BECYYZ401152,600,796,1588,YELLOW,255,255,0,1502,1139,RI-YXXUBT254845,RI-BECYYZ401152,265297126,H19.30.001.CX49.Ig,SL-HBBUCZ135225,DO-HBBU1352,H19.30.001.CX.49,H19.30.001,221,154,136,207,168,136,207,168,28230.5,441
B4,112363270,slice_398.png,397,1823,RI-RPNQRW947713,475,994,1823,YELLOW,255,255,0,1552,1112,RI-FFWYWA968860,RI-RPNQRW947713,265297126,H19.30.001.CX51.HIPc,SL-HBBULN135262,DO-HBBU1352,H19.30.001.CX.51,H19.30.001,264,137,139,196,122,139,196,122,34316,623
B4,112363032,slice_457.png,456,2059,RI-EHFHGI219858,303,748,2059,YELLOW,255,255,0,1556,1067,RI-WQPSXS871769,RI-EHFHGI219858,265297126,H19.30.001.10x.Pro,SL-HBBUTM135257,DO-HBBU1352,H19.30.001.CX.53,H19.30.001,216,93,163,165,163,163,165,163,36583,541
B4,112363032,slice_457.png,456,2059,RI-LNQQLJ102734,303,748,2059,YELLOW,255,255,0,1556,1067,RI-WQPSXS871769,RI-LNQQLJ102734,265297126,H19.30.001.CX53.Pro,SL-HBBUTM135257,DO-HBBU1352,H19.30.001.CX.53,H19.30.001,216,93,163,165,153,163,165,153,17124.5,253
B1,102291577,slice_152.png,151,678,RI-STYTWW569545,638,244,678,YELLOW,255,255,0,1150,886,RI-JFHNOK860813,RI-STYTWW569545,265297126,H18.30.002.10x.A46,SL-HBBUSS135270,DO-HBBU1352,H19.30.001.CX.43,H19.30.001,140,190,114,314,247,114,314,247,191790,3712
B1,102291577,slice_152.png,151,678,RI-VVRQSR216359,638,244,678,YELLOW,255,255,0,1150,886,RI-JFHNOK860813,RI-VVRQSR216359,265297126,H19.30.001.CX43.A46,SL-HBBUSS135270,DO-HBBU1352,H19.30.001.CX.43,H19.30.001,140,190,114,314,248,114,314,248,21234,411
B2,111257757,slice_217.png,216,978,RI-RLRSJN979845,80,847,978,YELLOW,255,255,0,1292,940,RI-TZTUVW649810,RI-RLRSJN979845,265297126,H19.30.001.CX45.A25,SL-HBBUPU135265,DO-HBBU1352,H19.30.001.CX.45,H19.30.001,271,42,197,298,142,197,298,142,41664,794
B2,112282627,slice_258.png,257,1165,RI-OQNOPN489825,260,675,1165,YELLOW,255,255,0,1344,1001,RI-YVACZX756853,RI-OQNOPN489825,265297126,H19.30.001.CX46.CaB,SL-HBBUVP135290,DO-HBBU1352,H19.30.001.CX.46,H19.30.001,206,86,164,271,184,164,271,184,25802,327
